EXPERIMENT;DATASET;BEST SOLUTION;BEST TRIQ;MEAN;SDEV;BEST SOLUTIONN;BEST TRIQN;MEANN;SDEVN
resources;yeast;TRI_{2};-0.22973794395626412;-0.24308470823779332;0.008278531565607978;TRI_{2};-0.22973794395626412;-0.24308470823779332;0.008278531565607978;

;
SOLUTION;TRIQ;BIOQ;TRIQN;BIOQN;GRQ;PEQ;SPQ
TRI_{1};-0.2416001788712126;-1.0;-0.2416001788712126;-1.0;0.5638788319085775;0.3308088100427529;0.32615695726437477;
TRI_{2};-0.22973794395626412;-1.0;-0.22973794395626412;-1.0;0.5548885727855368;0.48598665653055834;0.4801458820598643;
TRI_{3};-0.25007825255135263;-1.0;-0.25007825255135263;-1.0;0.5378351910527699;0.3530579966291873;0.3426954239216003;
TRI_{4};-0.2443416685635857;-1.0;-0.2443416685635857;-1.0;0.5498107104151977;0.3656562996433605;0.3490246457633441;
TRI_{5};-0.24966549724655152;-1.0;-0.24966549724655152;-1.0;0.5395616617724227;0.35254171312386445;0.3376550477657236;
