EXPERIMENT;DATASET;BEST SOLUTION;BEST TRIQ;MEAN;SDEV;BEST SOLUTIONN;BEST TRIQN;MEANN;SDEVN
synthetic_trigen_run;synthetic_trigen;TRI_{2};0.7647693376722572;0.7325052602228229;0.03689839409681613;

;
SOLUTION;TRIQ;GRQ;PEQ;SPQ
TRI_{1};0.7376453801913323;0.6720567252391654;1.0;1.0;
TRI_{2};0.7647693376722572;0.7059616720903215;1.0;1.0;
TRI_{3};0.7562828048690199;0.6953535060862749;1.0;1.0;
TRI_{4};0.6707567255240184;0.674936727747387;0.6393211329298413;0.6687523003312469;
TRI_{5};0.733072052857487;0.6663400660718588;1.0;1.0;
