EXPERIMENT;DATASET;BEST SOLUTION;BEST TRIQ;MEAN;SDEV;BEST SOLUTIONN;BEST TRIQN;MEANN;SDEVN
yeast_run;yeast;TRI_{1};0.26089899878017364;0.25375696988660484;0.006176917291762355;TRI_{1};0.2610539516508719;0.253942750048335;0.006168055210253976;

;
SOLUTION;TRIQ;BIOQ;TRIQN;BIOQN;GRQ;PEQ;SPQ
TRI_{1};0.26089899878017364;7.276255154014067E-4;0.2610539516508719;0.0010375312567979795;0.5534491862420002;0.39543954641803214;0.387670684095425;
TRI_{2};0.2586576789655177;7.276255154014067E-4;0.25884774446572667;0.0011077565158192466;0.5565558772884175;0.36333355356845554;0.3500967522805446;
TRI_{3};0.2454661560178715;7.276255154014067E-4;0.24564483465362438;0.0010849827869071672;0.535370630909378;0.31208977183979636;0.30699204608859565;
TRI_{4};0.2509282117184877;7.276255154014067E-4;0.25113934903584306;0.001149900150112112;0.551932521486304;0.2998529485457938;0.29597485877951446;
TRI_{5};0.25283380395097355;7.276255154014067E-4;0.2530278704356091;0.0011157584846725444;0.5428714044226914;0.3553153590859764;0.35111322939794903;
