EXPERIMENT;DATASET;BEST SOLUTION;BEST TRIQ;MEAN;SDEV;BEST SOLUTIONN;BEST TRIQN;MEANN;SDEVN
TrLab3;yeast;TRI_{1};-0.23560573156849446;-0.2456787372650554;0.006040880313930668;TRI_{1};-0.23560573156849446;-0.2456787372650554;0.006040880313930668;

;
SOLUTION;TRIQ;BIOQ;TRIQN;BIOQN;GRQ;PEQ;SPQ
TRI_{1};-0.23560573156849446;-1.0;-0.23560573156849446;-1.0;0.5696694569125764;0.37140427743186377;0.35912543589763485;
TRI_{2};-0.24518283616418396;-1.0;-0.24518283616418396;-1.0;0.5445138529753681;0.37134382696459056;0.3688886259487844;
TRI_{3};-0.24710604125130697;-1.0;-0.24710604125130697;-1.0;0.5542967728248314;0.31617969808846913;0.3073252942867405;
TRI_{4};-0.24978267115395564;-1.0;-0.24978267115395564;-1.0;0.5398097603010432;0.345755829800689;0.34011266471185225;
TRI_{5};-0.25071640618733604;-1.0;-0.25071640618733604;-1.0;0.5428661349663453;0.32241078776258136;0.32033200875993534;
