EXPERIMENT;DATASET;BEST SOLUTION;BEST TRIQ;MEAN;SDEV;BEST SOLUTIONN;BEST TRIQN;MEANN;SDEVN
synthetic_qualityc_run;synthetic_qualityc;TRI_{1};0.7000907600693488;0.6986368597149506;0.0019088970609747516;

;
SOLUTION;TRIQ;GRQ;PEQ;SPQ
TRI_{1};0.7000907600693488;0.7498645263873703;0.5006091252335233;0.5013822643610026;
TRI_{2};0.6992265237715121;0.7488703839370503;0.5005311099372606;0.5007710562814566;
TRI_{3};0.6953438670834239;0.7437102836417794;0.5015234841558248;0.5022329175441785;
TRI_{4};0.6987667576437038;0.7481204445997724;0.5007822664217735;0.5019217532170852;
TRI_{5};0.6997563900067645;0.7490227308722732;0.501817724358367;0.5035643287310915;
